ds,y
2022-08-19 08:00:00,2
2022-08-19 09:00:00,3
2022-08-19 10:00:00,11
2022-08-19 11:00:00,7
2022-08-19 12:00:00,9
2022-08-19 13:00:00,2
2022-08-19 14:00:00,2
2022-08-19 15:00:00,9
2022-08-19 16:00:00,4
2022-08-19 17:00:00,7
2022-08-19 18:00:00,2
2022-08-20 08:00:00,5
2022-08-20 09:00:00,2
2022-08-20 10:00:00,3
2022-08-20 11:00:00,10
2022-08-20 12:00:00,3
2022-08-20 13:00:00,5
2022-08-20 14:00:00,2
2022-08-20 15:00:00,9
2022-08-20 16:00:00,0
2022-08-20 17:00:00,9
2022-08-20 18:00:00,9
2022-08-21 08:00:00,6
2022-08-21 09:00:00,4
2022-08-21 10:00:00,10
2022-08-21 11:00:00,9
2022-08-21 12:00:00,8
2022-08-21 13:00:00,6
2022-08-21 14:00:00,4
2022-08-21 15:00:00,5
2022-08-21 16:00:00,2
2022-08-21 17:00:00,7
2022-08-21 18:00:00,5
2022-08-22 08:00:00,6
2022-08-22 09:00:00,4
2022-08-22 10:00:00,6
2022-08-22 11:00:00,3
2022-08-22 12:00:00,3
2022-08-22 13:00:00,4
2022-08-22 14:00:00,5
2022-08-22 15:00:00,0
2022-08-22 16:00:00,2
2022-08-22 17:00:00,7
2022-08-22 18:00:00,9
2022-08-23 08:00:00,8
2022-08-23 09:00:00,8
2022-08-23 10:00:00,8
2022-08-23 11:00:00,11
2022-08-23 12:00:00,6
2022-08-23 13:00:00,10
2022-08-23 14:00:00,5
2022-08-23 15:00:00,2
2022-08-23 16:00:00,2
2022-08-23 17:00:00,2
2022-08-23 18:00:00,4
2022-08-24 08:00:00,6
2022-08-24 09:00:00,0
2022-08-24 10:00:00,7
2022-08-24 11:00:00,6
2022-08-24 12:00:00,4
2022-08-24 13:00:00,1
2022-08-24 14:00:00,4
2022-08-24 15:00:00,2
2022-08-24 16:00:00,6
2022-08-24 17:00:00,1
2022-08-24 18:00:00,1
2022-08-25 08:00:00,11
2022-08-25 09:00:00,2
2022-08-25 10:00:00,6
2022-08-25 11:00:00,7
2022-08-25 12:00:00,7
2022-08-25 13:00:00,2
2022-08-25 14:00:00,3
2022-08-25 15:00:00,9
2022-08-25 16:00:00,8
2022-08-25 17:00:00,5
2022-08-25 18:00:00,6
2022-08-26 08:00:00,5
2022-08-26 09:00:00,2
2022-08-26 10:00:00,2
2022-08-26 11:00:00,8
2022-08-26 12:00:00,10
2022-08-26 13:00:00,6
2022-08-26 14:00:00,7
2022-08-26 15:00:00,7
2022-08-26 16:00:00,9
2022-08-26 17:00:00,6
2022-08-26 18:00:00,5
2022-08-27 08:00:00,10
2022-08-27 09:00:00,5
2022-08-27 10:00:00,7
2022-08-27 11:00:00,2
2022-08-27 12:00:00,0
2022-08-27 13:00:00,3
2022-08-27 14:00:00,3
2022-08-27 15:00:00,9
2022-08-27 16:00:00,2
2022-08-27 17:00:00,10
2022-08-27 18:00:00,4
2022-08-28 08:00:00,3
2022-08-28 09:00:00,2
2022-08-28 10:00:00,3
2022-08-28 11:00:00,4
2022-08-28 12:00:00,9
2022-08-28 13:00:00,2
2022-08-28 14:00:00,2
2022-08-28 15:00:00,4
2022-08-28 16:00:00,4
2022-08-28 17:00:00,3
2022-08-28 18:00:00,7
2022-08-29 08:00:00,7
2022-08-29 09:00:00,9
2022-08-29 10:00:00,2
2022-08-29 11:00:00,6
2022-08-29 12:00:00,4
2022-08-29 13:00:00,7
2022-08-29 14:00:00,8
2022-08-29 15:00:00,2
2022-08-29 16:00:00,8
2022-08-29 17:00:00,6
2022-08-29 18:00:00,7
2022-08-30 08:00:00,2
2022-08-30 09:00:00,3
2022-08-30 10:00:00,3
2022-08-30 11:00:00,7
2022-08-30 12:00:00,6
2022-08-30 13:00:00,9
2022-08-30 14:00:00,5
2022-08-30 15:00:00,9
2022-08-30 16:00:00,6
2022-08-30 17:00:00,10
2022-08-30 18:00:00,7
2022-08-31 08:00:00,4
2022-08-31 09:00:00,4
2022-08-31 10:00:00,4
2022-08-31 11:00:00,2
2022-08-31 12:00:00,1
2022-08-31 13:00:00,1
2022-08-31 14:00:00,2
2022-08-31 15:00:00,5
2022-08-31 16:00:00,4
2022-08-31 17:00:00,4
2022-08-31 18:00:00,7
2022-09-01 08:00:00,4
2022-09-01 09:00:00,2
2022-09-01 10:00:00,6
2022-09-01 11:00:00,10
2022-09-01 12:00:00,8
2022-09-01 13:00:00,9
2022-09-01 14:00:00,11
2022-09-01 15:00:00,5
2022-09-01 16:00:00,4
2022-09-01 17:00:00,4
2022-09-01 18:00:00,7
2022-09-02 08:00:00,7
2022-09-02 09:00:00,0
2022-09-02 10:00:00,0
2022-09-02 11:00:00,10
2022-09-02 12:00:00,4
2022-09-02 13:00:00,0
2022-09-02 14:00:00,3
2022-09-02 15:00:00,1
2022-09-02 16:00:00,5
2022-09-02 17:00:00,1
2022-09-02 18:00:00,0
2022-09-03 08:00:00,4
2022-09-03 09:00:00,0
2022-09-03 10:00:00,9
2022-09-03 11:00:00,9
2022-09-03 12:00:00,8
2022-09-03 13:00:00,6
2022-09-03 14:00:00,5
2022-09-03 15:00:00,5
2022-09-03 16:00:00,7
2022-09-03 17:00:00,0
2022-09-03 18:00:00,2
2022-09-04 08:00:00,3
2022-09-04 09:00:00,3
2022-09-04 10:00:00,4
2022-09-04 11:00:00,1
2022-09-04 12:00:00,5
2022-09-04 13:00:00,2
2022-09-04 14:00:00,4
2022-09-04 15:00:00,4
2022-09-04 16:00:00,9
2022-09-04 17:00:00,9
2022-09-04 18:00:00,1
2022-09-05 08:00:00,2
2022-09-05 09:00:00,11
2022-09-05 10:00:00,3
2022-09-05 11:00:00,1
2022-09-05 12:00:00,11
2022-09-05 13:00:00,3
2022-09-05 14:00:00,3
2022-09-05 15:00:00,4
2022-09-05 16:00:00,1
2022-09-05 17:00:00,4
2022-09-05 18:00:00,8
2022-09-06 08:00:00,10
2022-09-06 09:00:00,7
2022-09-06 10:00:00,9
2022-09-06 11:00:00,2
2022-09-06 12:00:00,5
2022-09-06 13:00:00,8
2022-09-06 14:00:00,5
2022-09-06 15:00:00,2
2022-09-06 16:00:00,8
2022-09-06 17:00:00,8
2022-09-06 18:00:00,10
2022-09-07 08:00:00,6
2022-09-07 09:00:00,3
2022-09-07 10:00:00,2
2022-09-07 11:00:00,3
2022-09-07 12:00:00,2
2022-09-07 13:00:00,7
2022-09-07 14:00:00,5
2022-09-07 15:00:00,2
2022-09-07 16:00:00,10
2022-09-07 17:00:00,2
2022-09-07 18:00:00,4
2022-09-08 08:00:00,8
2022-09-08 09:00:00,3
2022-09-08 10:00:00,7
2022-09-08 11:00:00,8
2022-09-08 12:00:00,8
2022-09-08 13:00:00,1
2022-09-08 14:00:00,0
2022-09-08 15:00:00,11
2022-09-08 16:00:00,2
2022-09-08 17:00:00,9
2022-09-08 18:00:00,6
2022-09-09 08:00:00,11
2022-09-09 09:00:00,4
2022-09-09 10:00:00,10
2022-09-09 11:00:00,1
2022-09-09 12:00:00,9
2022-09-09 13:00:00,2
2022-09-09 14:00:00,9
2022-09-09 15:00:00,6
2022-09-09 16:00:00,2
2022-09-09 17:00:00,9
2022-09-09 18:00:00,1
2022-09-10 08:00:00,8
2022-09-10 09:00:00,4
2022-09-10 10:00:00,5
2022-09-10 11:00:00,8
2022-09-10 12:00:00,10
2022-09-10 13:00:00,1
2022-09-10 14:00:00,8
2022-09-10 15:00:00,11
2022-09-10 16:00:00,1
2022-09-10 17:00:00,1
2022-09-10 18:00:00,6
2022-09-11 08:00:00,2
2022-09-11 09:00:00,0
2022-09-11 10:00:00,10
2022-09-11 11:00:00,5
2022-09-11 12:00:00,9
2022-09-11 13:00:00,8
2022-09-11 14:00:00,9
2022-09-11 15:00:00,5
2022-09-11 16:00:00,8
2022-09-11 17:00:00,9
2022-09-12 18:00:00,2
2022-09-12 08:00:00,3
2022-09-12 09:00:00,8
2022-09-12 10:00:00,1
2022-09-12 11:00:00,8
2022-09-12 12:00:00,2
2022-09-12 13:00:00,2
2022-09-12 14:00:00,2
2022-09-12 15:00:00,8
2022-09-12 16:00:00,1
2022-09-12 17:00:00,3
2022-09-12 18:00:00,8
2022-09-13 08:00:00,2
2022-09-13 09:00:00,11
2022-09-13 10:00:00,3
2022-09-13 11:00:00,9
2022-09-13 12:00:00,8
2022-09-13 13:00:00,10
2022-09-13 14:00:00,3
2022-09-13 15:00:00,8
2022-09-13 16:00:00,6
2022-09-13 17:00:00,5
2022-09-14 18:00:00,1
2022-09-14 08:00:00,1
2022-09-14 09:00:00,3
2022-09-14 10:00:00,5
2022-09-14 11:00:00,3
2022-09-14 12:00:00,0
2022-09-14 13:00:00,5
2022-09-14 14:00:00,2
2022-09-14 15:00:00,10
2022-09-14 16:00:00,6
2022-09-14 17:00:00,10
2022-09-14 18:00:00,9
2022-09-15 08:00:00,8
2022-09-15 09:00:00,3
2022-09-15 10:00:00,6
2022-09-15 11:00:00,6
2022-09-15 12:00:00,10
2022-09-15 13:00:00,7
2022-09-15 14:00:00,10
2022-09-15 15:00:00,7
2022-09-15 16:00:00,6
2022-09-15 17:00:00,9
2022-09-16 18:00:00,5
2022-09-16 08:00:00,5
2022-09-16 09:00:00,3
2022-09-16 10:00:00,6
2022-09-16 11:00:00,4
2022-09-16 12:00:00,9
2022-09-16 13:00:00,10
2022-09-16 14:00:00,7
2022-09-16 15:00:00,2
2022-09-16 16:00:00,9
2022-09-16 17:00:00,6
2022-09-16 18:00:00,4
2022-09-17 08:00:00,2
2022-09-17 09:00:00,4
2022-09-17 10:00:00,6
2022-09-17 11:00:00,9
2022-09-17 12:00:00,8
2022-09-17 13:00:00,10
2022-09-17 14:00:00,7
2022-09-17 15:00:00,8
2022-09-17 16:00:00,5
2022-09-17 17:00:00,10
2022-09-17 18:00:00,3
2022-09-18 08:00:00,4
2022-09-18 09:00:00,5
2022-09-18 10:00:00,7
2022-09-18 11:00:00,0
2022-09-18 12:00:00,0
2022-09-18 13:00:00,3
2022-09-18 14:00:00,3
2022-09-18 15:00:00,5
2022-09-18 16:00:00,6
2022-09-18 17:00:00,7
2022-09-18 18:00:00,0
2022-09-19 08:00:00,7
2022-09-19 09:00:00,4
2022-09-19 10:00:00,2
2022-09-19 11:00:00,4
2022-09-19 12:00:00,2
2022-09-19 13:00:00,10
2022-09-19 14:00:00,6
2022-09-19 15:00:00,10
2022-09-19 16:00:00,2
2022-09-19 17:00:00,9
2022-09-19 18:00:00,3
2022-09-20 08:00:00,2
2022-09-20 09:00:00,7
2022-09-20 10:00:00,3
2022-09-20 11:00:00,7
2022-09-20 12:00:00,5
2022-09-20 13:00:00,3
2022-09-20 14:00:00,2
2022-09-20 15:00:00,0
2022-09-20 16:00:00,8
2022-09-20 17:00:00,9
2022-09-20 18:00:00,5
2022-09-21 08:00:00,10
2022-09-21 09:00:00,1
2022-09-21 10:00:00,10
2022-09-21 11:00:00,11
2022-09-21 12:00:00,5
2022-09-21 13:00:00,7
2022-09-21 14:00:00,10
2022-09-21 15:00:00,10
2022-09-21 16:00:00,1
2022-09-21 17:00:00,9
2022-09-21 18:00:00,9
2022-09-22 08:00:00,10
2022-09-22 09:00:00,7
2022-09-22 10:00:00,3
2022-09-22 11:00:00,3
2022-09-22 12:00:00,7
2022-09-22 13:00:00,3
2022-09-22 14:00:00,9
2022-09-22 15:00:00,0
2022-09-22 16:00:00,3
2022-09-22 17:00:00,2
2022-09-22 18:00:00,9
2022-09-23 08:00:00,9
2022-09-23 09:00:00,7
2022-09-23 10:00:00,7
2022-09-23 11:00:00,1
2022-09-23 12:00:00,3
2022-09-23 13:00:00,10
2022-09-23 14:00:00,6
2022-09-23 15:00:00,7
2022-09-23 16:00:00,5
2022-09-23 17:00:00,5
2022-09-23 18:00:00,3
2022-09-24 08:00:00,8
2022-09-24 09:00:00,7
2022-09-24 10:00:00,9
2022-09-24 11:00:00,7
2022-09-24 12:00:00,7
2022-09-24 13:00:00,2
2022-09-24 14:00:00,5
2022-09-24 15:00:00,7
2022-09-24 16:00:00,9
2022-09-24 17:00:00,4
2022-09-24 18:00:00,2
2022-09-25 08:00:00,2
2022-09-25 09:00:00,9
2022-09-25 10:00:00,9
2022-09-25 11:00:00,5
2022-09-25 12:00:00,4
2022-09-25 13:00:00,9
2022-09-25 14:00:00,8
2022-09-25 15:00:00,8
2022-09-25 16:00:00,7
2022-09-25 17:00:00,2
2022-09-25 18:00:00,7
2022-09-26 08:00:00,7
2022-09-26 09:00:00,2
2022-09-26 10:00:00,4
2022-09-26 11:00:00,9
2022-09-26 12:00:00,3
2022-09-26 13:00:00,9
2022-09-26 14:00:00,3
2022-09-26 15:00:00,7
2022-09-26 16:00:00,9
2022-09-26 17:00:00,2
2022-09-26 18:00:00,8
2022-09-27 08:00:00,11
2022-09-27 09:00:00,9
2022-09-27 10:00:00,11
2022-09-27 11:00:00,10
2022-09-27 12:00:00,2
2022-09-27 13:00:00,3
2022-09-27 14:00:00,2
2022-09-27 15:00:00,6
2022-09-27 16:00:00,4
2022-09-27 17:00:00,2
2022-09-27 18:00:00,6
2022-09-28 08:00:00,5
2022-09-28 09:00:00,4
2022-09-28 10:00:00,4
2022-09-28 11:00:00,5
2022-09-28 12:00:00,7
2022-09-28 13:00:00,9
2022-09-28 14:00:00,3
2022-09-28 15:00:00,8
2022-09-28 16:00:00,0
2022-09-28 17:00:00,1
2022-09-28 18:00:00,6
2022-09-29 08:00:00,5
2022-09-29 09:00:00,2
2022-09-29 10:00:00,2
2022-09-29 11:00:00,3
2022-09-29 12:00:00,10
2022-09-29 13:00:00,6
2022-09-29 14:00:00,6
2022-09-29 15:00:00,6
2022-09-29 16:00:00,6
2022-09-29 17:00:00,2
2022-09-29 18:00:00,8
2022-09-30 08:00:00,11
2022-09-30 09:00:00,6
2022-09-30 10:00:00,3
2022-09-30 11:00:00,10
2022-09-30 12:00:00,2
2022-09-30 13:00:00,8
2022-09-30 14:00:00,4
2022-09-30 15:00:00,10
2022-09-30 16:00:00,8
2022-09-30 17:00:00,0
2022-09-30 18:00:00,10
2022-10-01 08:00:00,9
2022-10-01 09:00:00,7
2022-10-01 10:00:00,6
2022-10-01 11:00:00,8
2022-10-01 12:00:00,7
2022-10-01 13:00:00,2
2022-10-01 14:00:00,10
2022-10-01 15:00:00,4
2022-10-01 16:00:00,2
2022-10-01 17:00:00,7
2022-10-01 18:00:00,5
2022-10-02 08:00:00,8
2022-10-02 09:00:00,10
2022-10-02 10:00:00,8
2022-10-02 11:00:00,7
2022-10-02 12:00:00,7
2022-10-02 13:00:00,7
2022-10-02 14:00:00,3
2022-10-02 15:00:00,4
2022-10-02 16:00:00,4
2022-10-02 17:00:00,8
2022-10-02 18:00:00,8
2022-10-03 08:00:00,10
2022-10-03 09:00:00,2
2022-10-03 10:00:00,4
2022-10-03 11:00:00,6
2022-10-03 12:00:00,0
2022-10-03 13:00:00,2
2022-10-03 14:00:00,3
2022-10-03 15:00:00,8
2022-10-03 16:00:00,1
2022-10-03 17:00:00,6
2022-10-03 18:00:00,8
2022-10-04 08:00:00,10
2022-10-04 09:00:00,10
2022-10-04 10:00:00,6
2022-10-04 11:00:00,2
2022-10-04 12:00:00,9
2022-10-04 13:00:00,2
2022-10-04 14:00:00,6
2022-10-04 15:00:00,8
2022-10-04 16:00:00,2
2022-10-04 17:00:00,8
2022-10-04 18:00:00,8
2022-10-05 08:00:00,1
2022-10-05 09:00:00,7
2022-10-05 10:00:00,2
2022-10-05 11:00:00,6
2022-10-05 12:00:00,1
2022-10-05 13:00:00,5
2022-10-05 14:00:00,3
2022-10-05 15:00:00,3
2022-10-05 16:00:00,6
2022-10-05 17:00:00,6
2022-10-05 18:00:00,4
2022-10-06 08:00:00,7
2022-10-06 09:00:00,7
2022-10-06 10:00:00,7
2022-10-06 11:00:00,6
2022-10-06 12:00:00,8
2022-10-06 13:00:00,4
2022-10-06 14:00:00,8
2022-10-06 15:00:00,2
2022-10-06 16:00:00,5
2022-10-06 17:00:00,8
2022-10-07 18:00:00,5
2022-10-07 08:00:00,9
2022-10-07 09:00:00,8
2022-10-07 10:00:00,0
2022-10-07 11:00:00,7
2022-10-07 12:00:00,5
2022-10-07 13:00:00,3
2022-10-07 14:00:00,5
2022-10-07 15:00:00,3
2022-10-07 16:00:00,6
2022-10-07 17:00:00,3
2022-10-07 18:00:00,8
2022-10-08 08:00:00,2
2022-10-08 09:00:00,4
2022-10-08 10:00:00,7
2022-10-08 11:00:00,2
2022-10-08 12:00:00,7
2022-10-08 13:00:00,10
2022-10-08 14:00:00,10
2022-10-08 15:00:00,10
2022-10-08 16:00:00,9
2022-10-08 17:00:00,10
2022-10-08 18:00:00,2
2022-10-09 08:00:00,9
2022-10-09 09:00:00,11
2022-10-09 10:00:00,6
2022-10-09 11:00:00,4
2022-10-09 12:00:00,6
2022-10-09 13:00:00,2
2022-10-09 14:00:00,1
2022-10-09 15:00:00,7
2022-10-09 16:00:00,5
2022-10-09 17:00:00,4
2022-10-09 18:00:00,11
2022-10-10 08:00:00,4
2022-10-10 09:00:00,5
2022-10-10 10:00:00,7
2022-10-10 11:00:00,9
2022-10-10 12:00:00,7
2022-10-10 13:00:00,10
2022-10-10 14:00:00,10
2022-10-10 15:00:00,6
2022-10-10 16:00:00,10
2022-10-10 17:00:00,6
2022-10-10 18:00:00,1
2022-10-11 08:00:00,10
2022-10-11 09:00:00,9
2022-10-11 10:00:00,6
2022-10-11 11:00:00,5
2022-10-11 12:00:00,5
2022-10-11 13:00:00,4
2022-10-11 14:00:00,8
2022-10-11 15:00:00,5
2022-10-11 16:00:00,7
2022-10-11 17:00:00,5
2022-10-11 18:00:00,0
2022-10-12 08:00:00,2
2022-10-12 09:00:00,6
2022-10-12 10:00:00,1
2022-10-12 11:00:00,2
2022-10-12 12:00:00,2
2022-10-12 13:00:00,5
2022-10-12 14:00:00,9
2022-10-12 15:00:00,9
2022-10-12 16:00:00,11
2022-10-12 17:00:00,5
2022-10-12 18:00:00,1
2022-10-13 08:00:00,9
2022-10-13 09:00:00,1
2022-10-13 10:00:00,3
2022-10-13 11:00:00,10
2022-10-13 12:00:00,3
2022-10-13 13:00:00,9
2022-10-13 14:00:00,10
2022-10-13 15:00:00,7
2022-10-13 16:00:00,8
2022-10-13 17:00:00,8
2022-10-13 18:00:00,6
2022-10-14 08:00:00,6
2022-10-14 09:00:00,4
2022-10-14 10:00:00,8
2022-10-14 11:00:00,0
2022-10-14 12:00:00,2
2022-10-14 13:00:00,4
2022-10-14 14:00:00,3
2022-10-14 15:00:00,8
2022-10-14 16:00:00,7
2022-10-14 17:00:00,9
2022-10-14 18:00:00,8
2022-10-15 08:00:00,4
2022-10-15 09:00:00,5
2022-10-15 10:00:00,7
2022-10-15 11:00:00,3
2022-10-15 12:00:00,3
2022-10-15 13:00:00,8
2022-10-15 14:00:00,10
2022-10-15 15:00:00,0
2022-10-15 16:00:00,9
2022-10-15 17:00:00,10
2022-10-15 18:00:00,11
2022-10-16 08:00:00,5
2022-10-16 09:00:00,10
2022-10-16 10:00:00,3
2022-10-16 11:00:00,10
2022-10-16 12:00:00,6
2022-10-16 13:00:00,5
2022-10-16 14:00:00,2
2022-10-16 15:00:00,8
2022-10-16 16:00:00,8
2022-10-16 17:00:00,3
2022-10-16 18:00:00,5
2022-10-17 08:00:00,6
2022-10-17 09:00:00,6
2022-10-17 10:00:00,10
2022-10-17 11:00:00,5
2022-10-17 12:00:00,3
2022-10-17 13:00:00,9
2022-10-17 14:00:00,9
2022-10-17 15:00:00,7
2022-10-17 16:00:00,6
2022-10-17 17:00:00,0
2022-10-17 18:00:00,9
2022-10-18 08:00:00,5
2022-10-18 09:00:00,11
2022-10-18 10:00:00,0
2022-10-18 11:00:00,3
2022-10-18 12:00:00,3
2022-10-18 13:00:00,2
2022-10-18 14:00:00,1
2022-10-18 15:00:00,7
2022-10-18 16:00:00,4
2022-10-18 17:00:00,4
2022-10-18 18:00:00,6
2022-10-19 08:00:00,7
2022-10-19 09:00:00,9
2022-10-19 10:00:00,7
2022-10-19 11:00:00,4
2022-10-19 12:00:00,11
2022-10-19 13:00:00,2
2022-10-19 14:00:00,2
2022-10-19 15:00:00,5
2022-10-19 16:00:00,5
2022-10-19 17:00:00,1
2022-10-19 18:00:00,9
2022-10-20 08:00:00,10
2022-10-20 09:00:00,2
2022-10-20 10:00:00,11
2022-10-20 11:00:00,7
2022-10-20 12:00:00,3
2022-10-20 13:00:00,9
2022-10-20 14:00:00,4
2022-10-20 15:00:00,4
2022-10-20 16:00:00,8
2022-10-20 17:00:00,2
2022-10-20 18:00:00,11
2022-10-21 08:00:00,6
2022-10-21 09:00:00,8
2022-10-21 10:00:00,5
2022-10-21 11:00:00,10
2022-10-21 12:00:00,9
2022-10-21 13:00:00,8
2022-10-21 14:00:00,9
2022-10-21 15:00:00,2
2022-10-21 16:00:00,11
2022-10-21 17:00:00,6
2022-10-21 18:00:00,1
2022-10-22 08:00:00,4
2022-10-22 09:00:00,7
2022-10-22 10:00:00,10
2022-10-22 11:00:00,2
2022-10-22 12:00:00,8
2022-10-22 13:00:00,8
2022-10-22 14:00:00,3
2022-10-22 15:00:00,5
2022-10-22 16:00:00,8
2022-10-22 17:00:00,7
2022-10-22 18:00:00,3
2022-10-23 08:00:00,4
2022-10-23 09:00:00,7
2022-10-23 10:00:00,7
2022-10-23 11:00:00,2
2022-10-23 12:00:00,0
2022-10-23 13:00:00,8
2022-10-23 14:00:00,8
2022-10-23 15:00:00,7
2022-10-23 16:00:00,11
2022-10-23 17:00:00,2
2022-10-23 18:00:00,4
2022-10-24 08:00:00,5
2022-10-24 09:00:00,7
2022-10-24 10:00:00,0
2022-10-24 11:00:00,3
2022-10-24 12:00:00,7
2022-10-24 13:00:00,9
2022-10-24 14:00:00,4
2022-10-24 15:00:00,11
2022-10-24 16:00:00,10
2022-10-24 17:00:00,11
2022-10-24 18:00:00,5
2022-10-25 08:00:00,7
2022-10-25 09:00:00,4
2022-10-25 10:00:00,5
2022-10-25 11:00:00,2
2022-10-25 12:00:00,5
2022-10-25 13:00:00,2
2022-10-25 14:00:00,7
2022-10-25 15:00:00,6
2022-10-25 16:00:00,3
2022-10-25 17:00:00,4
2022-10-25 18:00:00,6
2022-10-26 08:00:00,2
2022-10-26 09:00:00,1
2022-10-26 10:00:00,8
2022-10-26 11:00:00,9
2022-10-26 12:00:00,6
2022-10-26 13:00:00,4
2022-10-26 14:00:00,10
2022-10-26 15:00:00,2
2022-10-26 16:00:00,2
2022-10-26 17:00:00,5
2022-10-26 18:00:00,7
2022-10-27 08:00:00,9
2022-10-27 09:00:00,10
2022-10-27 10:00:00,2
2022-10-27 11:00:00,0
2022-10-27 12:00:00,10
2022-10-27 13:00:00,5
2022-10-27 14:00:00,5
2022-10-27 15:00:00,3
2022-10-27 16:00:00,2
2022-10-27 17:00:00,7
2022-10-27 18:00:00,6
2022-10-28 08:00:00,2
2022-10-28 09:00:00,10
2022-10-28 10:00:00,8
2022-10-28 11:00:00,8
2022-10-28 12:00:00,4
2022-10-28 13:00:00,2
2022-10-28 14:00:00,3
2022-10-28 15:00:00,9
2022-10-28 16:00:00,11
2022-10-28 17:00:00,9
2022-10-28 18:00:00,2
2022-10-29 08:00:00,7
2022-10-29 09:00:00,5
2022-10-29 10:00:00,7
2022-10-29 11:00:00,4
2022-10-29 12:00:00,2
2022-10-29 13:00:00,4
2022-10-29 14:00:00,4
2022-10-29 15:00:00,8
2022-10-29 16:00:00,6
2022-10-29 17:00:00,6
2022-10-29 18:00:00,1
2022-10-30 08:00:00,7
2022-10-30 09:00:00,6
2022-10-30 10:00:00,3
2022-10-30 11:00:00,11
2022-10-30 12:00:00,2
2022-10-30 13:00:00,1
2022-10-30 14:00:00,6
2022-10-30 15:00:00,8
2022-10-30 16:00:00,2
2022-10-30 17:00:00,8
2022-10-30 18:00:00,3
2022-10-31 08:00:00,6
2022-10-31 09:00:00,8
2022-10-31 10:00:00,3
2022-10-31 11:00:00,5
2022-10-31 12:00:00,6
2022-10-31 13:00:00,3
2022-10-31 14:00:00,5
2022-10-31 15:00:00,4
2022-10-31 16:00:00,0
2022-10-31 17:00:00,6
2022-10-31 18:00:00,2
2022-11-01 08:00:00,9
2022-11-01 09:00:00,3
2022-11-01 10:00:00,3
2022-11-01 11:00:00,11
2022-11-01 12:00:00,5
2022-11-01 13:00:00,2
2022-11-01 14:00:00,3
2022-11-01 15:00:00,5
2022-11-01 16:00:00,10
2022-11-01 17:00:00,8
2022-11-01 18:00:00,1
2022-11-02 08:00:00,9
2022-11-02 09:00:00,5
2022-11-02 10:00:00,1
2022-11-02 11:00:00,10
2022-11-02 12:00:00,7
2022-11-02 13:00:00,10
2022-11-02 14:00:00,4
2022-11-02 15:00:00,11
2022-11-02 16:00:00,5
2022-11-02 17:00:00,0
2022-11-02 18:00:00,3
2022-11-03 08:00:00,1
2022-11-03 09:00:00,4
2022-11-03 10:00:00,5
2022-11-03 11:00:00,2
2022-11-03 12:00:00,8
2022-11-03 13:00:00,1
2022-11-03 14:00:00,4
2022-11-03 15:00:00,5
2022-11-03 16:00:00,4
2022-11-03 17:00:00,10
2022-11-03 18:00:00,7
2022-11-04 08:00:00,8
2022-11-04 09:00:00,2
2022-11-04 10:00:00,0
2022-11-04 11:00:00,4
2022-11-04 12:00:00,2
2022-11-04 13:00:00,3
2022-11-04 14:00:00,3
2022-11-04 15:00:00,10
2022-11-04 16:00:00,3
2022-11-04 17:00:00,4
2022-11-04 18:00:00,3
2022-11-05 08:00:00,1
2022-11-05 09:00:00,7
2022-11-05 10:00:00,8
2022-11-05 11:00:00,2
2022-11-05 12:00:00,5
2022-11-05 13:00:00,4
2022-11-05 14:00:00,3
2022-11-05 15:00:00,3
2022-11-05 16:00:00,2
2022-11-05 17:00:00,5
2022-11-05 18:00:00,10
2022-11-06 08:00:00,5
2022-11-06 09:00:00,4
2022-11-06 10:00:00,0
2022-11-06 11:00:00,3
2022-11-06 12:00:00,9
2022-11-06 13:00:00,1
2022-11-06 14:00:00,8
2022-11-06 15:00:00,3
2022-11-06 16:00:00,11
2022-11-06 17:00:00,8
2022-11-06 18:00:00,8
2022-11-07 08:00:00,6
2022-11-07 09:00:00,5
2022-11-07 10:00:00,2
2022-11-07 11:00:00,2
2022-11-07 12:00:00,1
2022-11-07 13:00:00,6
2022-11-07 14:00:00,3
2022-11-07 15:00:00,5
2022-11-07 16:00:00,5
2022-11-07 17:00:00,9
2022-11-07 18:00:00,5
2022-11-08 08:00:00,3
2022-11-08 09:00:00,4
2022-11-08 10:00:00,7
2022-11-08 11:00:00,3
2022-11-08 12:00:00,2
2022-11-08 13:00:00,6
2022-11-08 14:00:00,9
2022-11-08 15:00:00,0
2022-11-08 16:00:00,5
2022-11-08 17:00:00,7
2022-11-08 18:00:00,4
2022-11-09 08:00:00,9
2022-11-09 09:00:00,9
2022-11-09 10:00:00,8
2022-11-09 11:00:00,2
2022-11-09 12:00:00,4
2022-11-09 13:00:00,7
2022-11-09 14:00:00,5
2022-11-09 15:00:00,6
2022-11-09 16:00:00,2
2022-11-09 17:00:00,4
2022-11-09 18:00:00,3
2022-11-10 08:00:00,6
2022-11-10 09:00:00,9
2022-11-10 10:00:00,2
2022-11-10 11:00:00,3
2022-11-10 12:00:00,3
2022-11-10 13:00:00,11
2022-11-10 14:00:00,7
2022-11-10 15:00:00,2
2022-11-10 16:00:00,5
2022-11-10 17:00:00,6
2022-11-10 18:00:00,4
2022-11-11 08:00:00,7
2022-11-11 09:00:00,6
2022-11-11 10:00:00,9
2022-11-11 11:00:00,8
2022-11-11 12:00:00,6
2022-11-11 13:00:00,11
2022-11-11 14:00:00,10
2022-11-11 15:00:00,10
2022-11-11 16:00:00,6
2022-11-11 17:00:00,10
2022-11-11 18:00:00,4
2022-11-12 08:00:00,9
2022-11-12 09:00:00,0
2022-11-12 10:00:00,8
2022-11-12 11:00:00,6
2022-11-12 12:00:00,3
2022-11-12 13:00:00,3
2022-11-12 14:00:00,4
2022-11-12 15:00:00,2
2022-11-12 16:00:00,4
2022-11-12 17:00:00,6
2022-11-12 18:00:00,10
2022-11-13 08:00:00,10
2022-11-13 09:00:00,4
2022-11-13 10:00:00,3
2022-11-13 11:00:00,9
2022-11-13 12:00:00,10
2022-11-13 13:00:00,1
2022-11-13 14:00:00,3
2022-11-13 15:00:00,10
2022-11-13 16:00:00,9
2022-11-13 17:00:00,3
2022-11-13 18:00:00,7
2022-11-14 08:00:00,11
2022-11-14 09:00:00,7
2022-11-14 10:00:00,7
2022-11-14 11:00:00,11
2022-11-14 12:00:00,8
2022-11-14 13:00:00,3
2022-11-14 14:00:00,1
2022-11-14 15:00:00,5
2022-11-14 16:00:00,9
2022-11-14 17:00:00,3
2022-11-14 18:00:00,4
2022-11-15 08:00:00,7
2022-11-15 09:00:00,7
2022-11-15 10:00:00,9
2022-11-15 11:00:00,7
2022-11-15 12:00:00,10
2022-11-15 13:00:00,8
2022-11-15 14:00:00,6
2022-11-15 15:00:00,3
2022-11-15 16:00:00,8
2022-11-15 17:00:00,4
2022-11-15 18:00:00,3
2022-11-16 08:00:00,6
2022-11-16 09:00:00,7
2022-11-16 10:00:00,1
2022-11-16 11:00:00,8
2022-11-16 12:00:00,9
2022-11-16 13:00:00,10
2022-11-16 14:00:00,0
2022-11-16 15:00:00,1
2022-11-16 16:00:00,8
2022-11-16 17:00:00,3
2022-11-16 18:00:00,11
2022-11-17 08:00:00,3
2022-11-17 09:00:00,7
2022-11-17 10:00:00,8
2022-11-17 11:00:00,7
2022-11-17 12:00:00,3
2022-11-17 13:00:00,2
2022-11-17 14:00:00,3
2022-11-17 15:00:00,4
2022-11-17 16:00:00,2
2022-11-17 17:00:00,3
2022-11-17 18:00:00,8